{
  "compression_floats": 70144,
  "compression_ratio": 1.8686131386861313,
  "data_path": "/Users/daninghuang/Repos/openakari-codex/projects/pca_vs_ttd/experiments/dc-test/data/video_v1.npz",
  "flattened_dim": 4096,
  "k": 16,
  "mse": 7.120391708428396e-05,
  "n_samples": 32,
  "original_dtype": "float32",
  "original_floats": 131072,
  "original_shape": [
    32,
    64,
    64
  ],
  "psnr_db": 41.47496114210106,
  "rel_fro_error": 0.024343312549335194,
  "rmse": 0.008438241350203487
}
