{
  "compression_floats": 8224,
  "compression_ratio": 15.937743190661479,
  "data_path": "/Users/daninghuang/Repos/openakari-codex/projects/pca_vs_ttd/experiments/dc-test/data/video_v1.npz",
  "flattened_dim": 4096,
  "k": 1,
  "mse": 0.004620149573501476,
  "n_samples": 32,
  "original_dtype": "float32",
  "original_floats": 131072,
  "original_shape": [
    32,
    64,
    64
  ],
  "psnr_db": 23.353439642934802,
  "rel_fro_error": 0.19609013706375117,
  "rmse": 0.06797168214412143
}
