{
  "compression_floats": 1408,
  "compression_ratio": 93.0909090909091,
  "cores_shapes": [
    [
      1,
      32,
      4
    ],
    [
      4,
      64,
      4
    ],
    [
      4,
      64,
      1
    ]
  ],
  "data_path": "/Users/daninghuang/Repos/openakari-codex/projects/pca_vs_ttd/experiments/dc-test/data/video_v1.npz",
  "mse": 0.008735954268674032,
  "original_dtype": "float32",
  "original_floats": 131072,
  "original_shape": [
    32,
    64,
    64
  ],
  "psnr_db": 20.586896480956685,
  "ranks": [
    4,
    4
  ],
  "rel_fro_error": 0.2696391244006914,
  "rmse": 0.0934663269240534
}
