{
  "compression_floats": 35392,
  "compression_ratio": 3.7034358047016274,
  "cores_shapes": [
    [
      1,
      32,
      26
    ],
    [
      26,
      64,
      20
    ],
    [
      20,
      64,
      1
    ]
  ],
  "data_path": "/Users/daninghuang/Repos/openakari-codex/projects/pca_vs_ttd/experiments/dc-test/data/video_v1.npz",
  "mse": 8.174453308108616e-05,
  "original_dtype": "float32",
  "original_floats": 131072,
  "original_shape": [
    32,
    64,
    64
  ],
  "psnr_db": 40.87541282485515,
  "ranks": [
    26,
    20
  ],
  "rel_fro_error": 0.026082972950657975,
  "rmse": 0.009041268333651322
}
