{
  "compression_floats": 35328,
  "compression_ratio": 3.710144927536232,
  "cores_shapes": [
    [
      1,
      32,
      16
    ],
    [
      16,
      64,
      32
    ],
    [
      32,
      64,
      1
    ]
  ],
  "data_path": "/Users/daninghuang/Repos/openakari-codex/projects/pca_vs_ttd/experiments/dc-test/data/video_v1.npz",
  "mse": 0.00010245766763422016,
  "original_dtype": "float32",
  "original_floats": 131072,
  "original_shape": [
    32,
    64,
    64
  ],
  "psnr_db": 39.894555347091135,
  "ranks": [
    16,
    32
  ],
  "rel_fro_error": 0.029201150652374143,
  "rmse": 0.01012213750322629
}
