{
  "compression_floats": 12352,
  "compression_ratio": 10.61139896373057,
  "data_path": "/Users/daninghuang/Repos/openakari-codex/projects/pca_vs_ttd/experiments/dc-test/data/video_v1.npz",
  "flattened_dim": 4096,
  "k": 2,
  "mse": 0.0022687697837178986,
  "n_samples": 32,
  "original_dtype": "float32",
  "original_floats": 131072,
  "original_shape": [
    32,
    64,
    64
  ],
  "psnr_db": 26.44209570546731,
  "rel_fro_error": 0.13741145776331667,
  "rmse": 0.04763160488287056
}
