{
  "compression_floats": 20608,
  "compression_ratio": 6.3602484472049685,
  "data_path": "/Users/daninghuang/Repos/openakari-codex/projects/pca_vs_ttd/experiments/dc-test/data/video_v1.npz",
  "flattened_dim": 4096,
  "k": 4,
  "mse": 0.00027295943220780354,
  "n_samples": 32,
  "original_dtype": "float32",
  "original_floats": 131072,
  "original_shape": [
    32,
    64,
    64
  ],
  "psnr_db": 35.63901893902351,
  "rel_fro_error": 0.04766249637826418,
  "rmse": 0.016521483959009358
}
