{
  "compression_floats": 10368,
  "compression_ratio": 12.641975308641975,
  "cores_shapes": [
    [
      1,
      32,
      12
    ],
    [
      12,
      64,
      12
    ],
    [
      12,
      64,
      1
    ]
  ],
  "data_path": "/Users/daninghuang/Repos/openakari-codex/projects/pca_vs_ttd/experiments/dc-test/data/video_v1.npz",
  "mse": 0.0001574745735703049,
  "original_dtype": "float32",
  "original_floats": 131072,
  "original_shape": [
    32,
    64,
    64
  ],
  "psnr_db": 38.027895590143764,
  "ranks": [
    12,
    12
  ],
  "rel_fro_error": 0.036202032400031656,
  "rmse": 0.012548887343916388
}
