{
  "compression_floats": 36064,
  "compression_ratio": 3.6344276841171252,
  "cores_shapes": [
    [
      1,
      32,
      23
    ],
    [
      23,
      64,
      23
    ],
    [
      23,
      64,
      1
    ]
  ],
  "data_path": "/Users/daninghuang/Repos/openakari-codex/projects/pca_vs_ttd/experiments/dc-test/data/video_v1.npz",
  "mse": 8.324574381303427e-05,
  "original_dtype": "float32",
  "original_floats": 131072,
  "original_shape": [
    32,
    64,
    64
  ],
  "psnr_db": 40.796379618548656,
  "ranks": [
    23,
    23
  ],
  "rel_fro_error": 0.026321385830438547,
  "rmse": 0.009123910554857182
}
