{
  "compression_floats": 4864,
  "compression_ratio": 26.94736842105263,
  "cores_shapes": [
    [
      1,
      32,
      8
    ],
    [
      8,
      64,
      8
    ],
    [
      8,
      64,
      1
    ]
  ],
  "data_path": "projects/pca_vs_ttd/experiments/dc-test/data/video_v1.npz",
  "mse": 0.0002399053270209205,
  "original_dtype": "float32",
  "original_floats": 131072,
  "original_shape": [
    32,
    64,
    64
  ],
  "psnr_db": 36.19960108555282,
  "ranks": [
    8,
    8
  ],
  "rel_fro_error": 0.0446835508739052,
  "rmse": 0.015488877526177308
}
